Loss,MSE,DTW,TDI
DILATE,0.593571,2.007480,0.586446
MSE,0.359113,2.104435,0.580912
SOFT DTW,1.560790,2.192489,9.141693