Loss,MSE,DTW,TDI
DILATE,0.434733,1.799699,0.417049
MSE,0.361880,2.038361,0.508546
SOFT DTW,1.004864,1.788942,2.061206